permno,ticker,comnam,date,ret,prc,vol,shrout,cfacpr,sector,market_cap,year,month,year_month
14593,AAPL,APPLE INC,2018-01-31,-0.010636,167.42999,6597524.0,5074013.0,4.0,Technology,849541.94584987,2018,1,2018-01
14593,AAPL,APPLE COMPUTER INC,2018-02-28,0.06761,178.12,9326122.0,5074013.0,4.0,Technology,903783.19556,2018,2,2018-02
14593,AAPL,APPLE INC,2018-03-29,-0.058051,167.78,7156363.0,4943282.0,4.0,Technology,829383.8539600001,2018,3,2018-03
14593,AAPL,APPLE COMPUTER INC,2018-04-30,-0.01502,165.25999,6662564.0,4915138.0,4.0,Technology,812275.65672862,2018,4,2018-04
14593,AAPL,APPLE COMPUTER INC,2018-05-31,0.135181,186.87,6211796.0,4915138.0,4.0,Technology,918491.8380600001,2018,5,2018-05
14593,AAPL,APPLE INC,2018-06-29,-0.009418,185.11,5276132.0,4842917.0,4.0,Technology,896472.3658700001,2018,6,2018-06
14593,AAPL,APPLE COMPUTER INC,2018-07-31,0.027983,190.28999,3925671.0,4829926.0,4.0,Technology,919086.57024074,2018,7,2018-07
14593,AAPL,APPLE INC,2018-08-31,0.200063,227.63,7006518.0,4829926.0,4.0,Technology,1099436.0553799998,2018,8,2018-08
14593,AAPL,APPLE INC,2018-09-28,-0.008303,225.74001,6790750.0,4754986.0,4.0,Technology,1073390.5871898602,2018,9,2018-09
14593,AAPL,APPLE INC,2018-10-31,-0.030478,218.86,7901731.0,4745398.0,4.0,Technology,1038577.8062800001,2018,10,2018-10
14593,AAPL,APPLE INC,2018-11-30,-0.180709,178.58,9614243.0,4745398.0,4.0,Technology,847433.17484,2018,11,2018-11
14593,AAPL,APPLE INC,2018-12-31,-0.116698,157.74001,8989251.0,4729803.0,4.0,Technology,746079.17251803,2018,12,2018-12
14593,AAPL,APPLE INC,2019-01-31,0.055154,166.44,8286384.0,4715280.0,4.0,Technology,784811.2032000001,2019,1,2019-01
14593,AAPL,APPLE INC,2019-02-28,0.044701,173.14999,4728399.0,4715280.0,4.0,Technology,816450.6848472,2019,2,2019-02
14593,AAPL,APPLE INC,2019-03-29,0.097026,189.95,6509946.0,4715280.0,4.0,Technology,895667.436,2019,3,2019-03
14593,AAPL,APPLE COMPUTER INC,2019-04-30,0.056436,200.67,5069258.0,4601075.0,4.0,Technology,923297.72025,2019,4,2019-04
14593,AAPL,APPLE INC,2019-05-31,-0.123735,175.07001,7394492.0,4601075.0,4.0,Technology,805510.24626075,2019,5,2019-05
14593,AAPL,APPLE COMPUTER INC,2019-06-28,0.130519,197.92,5161482.0,4531395.0,4.0,Technology,896853.6984,2019,6,2019-06
14593,AAPL,APPLE INC,2019-07-31,0.076395,213.03999,4736504.0,4519180.0,4.0,Technology,962766.0620082,2019,7,2019-07
14593,AAPL,APPLE COMPUTER INC,2019-08-30,-0.01657,208.74001,6836722.0,4519180.0,4.0,Technology,943333.6783918,2019,8,2019-08
14593,AAPL,APPLE COMPUTER INC,2019-09-30,0.072962,223.97,5472803.0,4443236.0,4.0,Technology,995151.56692,2019,9,2019-09
14593,AAPL,APPLE COMPUTER INC,2019-10-31,0.110684,248.75999,6227831.0,4443265.0,4.0,Technology,1105306.55696735,2019,10,2019-10
14593,AAPL,APPLE COMPUTER INC,2019-11-29,0.077424,267.25,4495545.0,4443265.0,4.0,Technology,1187462.57125,2019,11,2019-11
14593,AAPL,APPLE INC,2019-12-31,0.098784,293.64999,5984993.0,4384959.0,4.0,Technology,1287643.16650041,2019,12,2019-12
14593,AAPL,APPLE COMPUTER INC,2020-01-31,0.05401,309.51001,7346625.0,4375480.0,4.0,Technology,1354254.8585548,2020,1,2020-01
14593,AAPL,APPLE COMPUTER INC,2020-02-28,-0.11431,273.35999,7538341.0,4375480.0,4.0,Technology,1196081.1690451999,2020,2,2020-02
14593,AAPL,APPLE COMPUTER INC,2020-03-31,-0.069762,254.28999,15678412.0,4323987.0,4.0,Technology,1099546.6109901299,2020,3,2020-03
14593,AAPL,APPLE INC,2020-04-30,0.155374,293.79999,8151167.0,4334335.0,4.0,Technology,1273427.5796566498,2020,4,2020-04
14593,AAPL,APPLE COMPUTER INC,2020-05-29,0.084956,317.94,7011777.0,4334335.0,4.0,Technology,1378058.4699000001,2020,5,2020-05
14593,AAPL,APPLE COMPUTER INC,2020-06-30,0.147386,364.79999,8095231.0,4283939.0,4.0,Technology,1562780.90436061,2020,6,2020-06
14593,AAPL,APPLE COMPUTER INC,2020-07-31,0.165132,425.04001,7543023.0,4275634.0,4.0,Technology,1817315.5181163398,2020,7,2020-07
14593,AAPL,APPLE INC,2020-08-31,0.216309,129.03999,11844232.0,17102536.0,1.0,Technology,2206911.0744146397,2020,8,2020-08
14593,AAPL,APPLE INC,2020-09-30,-0.102526,115.81,38816274.0,16976763.0,1.0,Technology,1966078.92303,2020,9,2020-09
14593,AAPL,APPLE INC,2020-10-30,-0.060012,108.86,28938282.0,17001802.0,1.0,Technology,1850816.16572,2020,10,2020-10
14593,AAPL,APPLE INC,2020-11-30,0.09549,119.05,21197000.0,17001802.0,1.0,Technology,2024064.5281,2020,11,2020-11
14593,AAPL,APPLE INC,2020-12-31,0.114574,132.69,23205317.0,16823263.0,1.0,Technology,2232278.76747,2020,12,2020-12
14593,AAPL,APPLE INC,2021-01-29,-0.005502,131.96001,22434811.0,16788096.0,1.0,Technology,2215357.31604096,2021,1,2021-01
14593,AAPL,APPLE COMPUTER INC,2021-02-26,-0.079532,121.26,18332944.0,16788096.0,1.0,Technology,2035724.52096,2021,2,2021-02
14593,AAPL,APPLE INC,2021-03-31,0.00734,122.15,26489849.0,16686305.0,1.0,Technology,2038232.15575,2021,3,2021-03
14593,AAPL,APPLE COMPUTER INC,2021-04-30,0.076218,131.46001,18888744.0,16687631.0,1.0,Technology,2193756.13813631,2021,4,2021-04
14593,AAPL,APPLE INC,2021-05-28,-0.050434,124.61,17116318.0,16687631.0,1.0,Technology,2079445.69891,2021,5,2021-05
14593,AAPL,APPLE COMPUTER INC,2021-06-30,0.099109,136.96001,16058898.0,16556942.0,1.0,Technology,2267638.94188942,2021,6,2021-06
14593,AAPL,APPLE INC,2021-07-30,0.064982,145.86,19182583.0,16530166.0,1.0,Technology,2411090.0127600003,2021,7,2021-07
14593,AAPL,APPLE COMPUTER INC,2021-08-31,0.042438,151.83,14615956.0,16530166.0,1.0,Technology,2509775.10378,2021,8,2021-08
14593,AAPL,APPLE INC,2021-09-30,-0.068037,141.5,17967120.0,16426786.0,1.0,Technology,2324390.219,2021,9,2021-09
14593,AAPL,APPLE INC,2021-10-29,0.058657,149.8,15637134.0,16406397.0,1.0,Technology,2457678.2706000004,2021,10,2021-10
14593,AAPL,APPLE INC,2021-11-30,0.10494,165.3,16900358.0,16406397.0,1.0,Technology,2711977.4241000004,2021,11,2021-11
14593,AAPL,APPLE COMPUTER INC,2021-12-31,0.074229,177.57001,24442196.0,16344923.0,1.0,Technology,2902368.14055923,2021,12,2021-12
14593,AAPL,APPLE INC,2022-01-31,-0.015712,174.78,21083470.0,16319441.0,1.0,Technology,2852311.89798,2022,1,2022-01
14593,AAPL,APPLE INC,2022-02-28,-0.054011,165.12,16150782.0,16319441.0,1.0,Technology,2694666.09792,2022,2,2022-02
14593,AAPL,APPLE COMPUTER INC,2022-03-31,0.057473,174.61,21788892.0,16207568.0,1.0,Technology,2830003.44848,2022,3,2022-03
14593,AAPL,APPLE INC,2022-04-29,-0.097131,157.64999,16861153.0,16185181.0,1.0,Technology,2551593.62279819,2022,4,2022-04
14593,AAPL,APPLE COMPUTER INC,2022-05-31,-0.054424,148.84,24000066.0,16185181.0,1.0,Technology,2409002.34004,2022,5,2022-05
14593,AAPL,APPLE COMPUTER INC,2022-06-30,-0.08143,136.72,17649177.0,16095378.0,1.0,Technology,2200560.08016,2022,6,2022-06
14593,AAPL,APPLE INC,2022-07-29,0.188634,162.50999,14469716.0,16070752.0,1.0,Technology,2611657.74681248,2022,7,2022-07
14593,AAPL,APPLE INC,2022-08-31,-0.031137,157.22,15086319.0,16070752.0,1.0,Technology,2526643.6294400003,2022,8,2022-08
14593,AAPL,APPLE COMPUTER INC,2022-09-30,-0.120977,138.2,20853206.0,15943425.0,1.0,Technology,2203381.335,2022,9,2022-09
14593,AAPL,APPLE COMPUTER INC,2022-10-31,0.109551,153.34,18666227.0,15908118.0,1.0,Technology,2439350.8141199998,2022,10,2022-10
14593,AAPL,APPLE COMPUTER INC,2022-11-30,-0.033129,148.03,17240790.0,15908118.0,1.0,Technology,2354878.70754,2022,11,2022-11
14593,AAPL,APPLE COMPUTER INC,2022-12-30,-0.122273,129.92999,16746278.0,15842407.0,1.0,Technology,2058403.7830859302,2022,12,2022-12
14593,AAPL,APPLE INC,2023-01-31,0.110521,144.28999,14423279.0,15821946.0,1.0,Technology,2282948.43012054,2023,1,2023-01
14593,AAPL,APPLE COMPUTER INC,2023-02-28,0.023217,147.41,13119369.0,15821946.0,1.0,Technology,2332313.05986,2023,2,2023-02
14593,AAPL,APPLE INC,2023-03-31,0.118649,164.89999,15192862.0,15723406.0,1.0,Technology,2592789.49216594,2023,3,2023-03
14593,AAPL,APPLE INC,2023-04-28,0.028987,169.67999,9696102.0,15728702.0,1.0,Technology,2668845.99807298,2023,4,2023-04
14593,AAPL,APPLE COMPUTER INC,2023-05-31,0.046028,177.25,12739453.0,15728702.0,1.0,Technology,2787912.4295,2023,5,2023-05
14593,AAPL,APPLE INC,2023-06-30,0.09433,193.97,12970839.0,15647868.0,1.0,Technology,3035216.95596,2023,6,2023-06
14593,AAPL,APPLE COMPUTER INC,2023-07-31,0.012786,196.45,9955553.0,15634232.0,1.0,Technology,3071344.8763999995,2023,7,2023-07
14593,AAPL,APPLE INC,2023-08-31,-0.042454,187.87,13209699.0,15634232.0,1.0,Technology,2937203.1658400004,2023,8,2023-08
14593,AAPL,APPLE INC,2023-09-29,-0.088678,171.21001,13366036.0,15550061.0,1.0,Technology,2662326.0993106104,2023,9,2023-09
14593,AAPL,APPLE COMPUTER INC,2023-10-31,-0.00257,170.77,11728396.0,15552752.0,1.0,Technology,2655943.45904,2023,10,2023-10
14593,AAPL,APPLE INC,2023-11-30,0.11372,189.95,10906725.0,15552752.0,1.0,Technology,2954245.2423999994,2023,11,2023-11
14593,AAPL,APPLE COMPUTER INC,2023-12-29,0.013583,192.53,10520988.0,15460223.0,1.0,Technology,2976556.73419,2023,12,2023-12
14593,AAPL,APPLE INC,2024-01-31,-0.042227,184.39999,11805597.0,15441881.0,1.0,Technology,2847482.70198119,2024,1,2024-01
14593,AAPL,APPLE INC,2024-02-29,-0.018492,180.75,11496409.0,15441881.0,1.0,Technology,2791119.99075,2024,2,2024-02
14593,AAPL,APPLE COMPUTER INC,2024-03-28,-0.051286,171.48,14095437.0,15337686.0,1.0,Technology,2630106.39528,2024,3,2024-03
14593,AAPL,APPLE COMPUTER INC,2024-04-30,-0.006706,170.33,12275943.0,15334082.0,1.0,Technology,2611854.1870600004,2024,4,2024-04
14593,AAPL,APPLE INC,2024-05-31,0.130159,192.25,13153483.0,15334082.0,1.0,Technology,2947977.2645,2024,5,2024-05
14593,AAPL,APPLE COMPUTER INC,2024-06-28,0.095553,210.62,16973587.0,15222259.0,1.0,Technology,3206112.1905799997,2024,6,2024-06
14593,AAPL,APPLE INC,2024-07-31,0.054411,222.08,11384300.0,15204137.0,1.0,Technology,3376534.74496,2024,7,2024-07
14593,AAPL,APPLE INC,2024-08-30,0.032286,229.0,11124182.0,15204137.0,1.0,Technology,3481747.373,2024,8,2024-08
14593,AAPL,APPLE COMPUTER INC,2024-09-30,0.017467,233.0,12198770.0,15116786.0,1.0,Technology,3522211.138,2024,9,2024-09
14593,AAPL,APPLE INC,2024-10-31,-0.030429,225.91,9219733.0,15115823.0,1.0,Technology,3414815.57393,2024,10,2024-10
14593,AAPL,APPLE COMPUTER INC,2024-11-29,0.051658,237.33,8852284.0,15115823.0,1.0,Technology,3587438.27259,2024,11,2024-11
14593,AAPL,APPLE INC,2024-12-31,0.055155,250.42,9710426.0,15115823.0,1.0,Technology,3785304.39566,2024,12,2024-12
47896,JPM,JPMORGAN CHASE & CO,2018-01-31,0.086871,115.67,3049400.0,3469726.0,1.0,Financials,401343.20642,2018,1,2018-01
47896,JPM,JPMORGAN CHASE & CO,2018-02-28,-0.00147,115.5,3546324.0,3431958.0,1.0,Financials,396391.149,2018,2,2018-02
47896,JPM,JPMORGAN CHASE & CO,2018-03-29,-0.047879,109.97,3215139.0,3410411.0,1.0,Financials,375042.89767000003,2018,3,2018-03
47896,JPM,J P MORGAN CHASE & CO,2018-04-30,-0.005729,108.78,3401527.0,3410420.0,1.0,Financials,370985.48760000005,2018,4,2018-04
47896,JPM,JPMORGAN CHASE & CO,2018-05-31,-0.016271,107.01,2736493.0,3404777.0,1.0,Financials,364345.18677000003,2018,5,2018-05
47896,JPM,JPMORGAN CHASE & CO,2018-06-29,-0.026259,104.2,3082319.0,3404777.0,1.0,Financials,354777.76340000005,2018,6,2018-06
47896,JPM,J P MORGAN CHASE & CO,2018-07-31,0.108541,114.95,2982814.0,3404777.0,1.0,Financials,391379.11615,2018,7,2018-07
47896,JPM,JPMORGAN CHASE & CO,2018-08-31,-0.003219,114.58,2344334.0,3360884.0,1.0,Financials,385090.08871999994,2018,8,2018-08
47896,JPM,J P MORGAN CHASE & CO,2018-09-28,-0.015186,112.84,2325491.0,3360884.0,1.0,Financials,379242.15056,2018,9,2018-09
47896,JPM,JPMORGAN CHASE & CO,2018-10-31,-0.026764,109.02,4330428.0,3360884.0,1.0,Financials,366403.57368000003,2018,10,2018-10
47896,JPM,JPMORGAN CHASE & CO,2018-11-30,0.019905,111.19,2832278.0,3325411.0,1.0,Financials,369752.44908999995,2018,11,2018-11
47896,JPM,JPMORGAN CHASE & CO,2018-12-31,-0.122043,97.62,4252157.0,3325411.0,1.0,Financials,324626.62182,2018,12,2018-12
47896,JPM,JPMORGAN CHASE & CO,2019-01-31,0.068429,103.5,3259340.0,3325411.0,1.0,Financials,344180.0385,2019,1,2019-01
47896,JPM,JPMORGAN CHASE & CO,2019-02-28,0.008309,104.36,2249348.0,3274242.0,1.0,Financials,341699.89512,2019,2,2019-02
47896,JPM,JPMORGAN CHASE & CO,2019-03-29,-0.029992,101.23,3065997.0,3274242.0,1.0,Financials,331451.51766,2019,3,2019-03
47896,JPM,J P MORGAN CHASE & CO,2019-04-30,0.154302,116.05,2525169.0,3247865.0,1.0,Financials,376914.73325,2019,4,2019-04
47896,JPM,J P MORGAN CHASE & CO,2019-05-31,-0.086945,105.96,2307132.0,3243973.0,1.0,Financials,343731.37908,2019,5,2019-05
47896,JPM,JPMORGAN CHASE & CO,2019-06-28,0.055115,111.8,2482149.0,3243973.0,1.0,Financials,362676.1814,2019,6,2019-06
47896,JPM,JPMORGAN CHASE & CO,2019-07-31,0.044723,116.0,2320583.0,3243973.0,1.0,Financials,376300.868,2019,7,2019-07
47896,JPM,JPMORGAN CHASE & CO,2019-08-30,-0.052931,109.86,2595254.0,3197485.0,1.0,Financials,351275.7021,2019,8,2019-08
47896,JPM,JPMORGAN CHASE & CO,2019-09-30,0.071273,117.69,2309563.0,3197485.0,1.0,Financials,376312.00964999996,2019,9,2019-09
47896,JPM,J P MORGAN CHASE & CO,2019-10-31,0.06908,124.92,2633900.0,3197485.0,1.0,Financials,399429.8262,2019,10,2019-10
47896,JPM,JPMORGAN CHASE & CO,2019-11-29,0.054755,131.75999,1912930.0,3136485.0,1.0,Financials,413263.23223515,2019,11,2019-11
47896,JPM,JPMORGAN CHASE & CO,2019-12-31,0.057984,139.39999,2133099.0,3136485.0,1.0,Financials,437225.97763515,2019,12,2019-12
47896,JPM,JPMORGAN CHASE & CO,2020-01-31,-0.044046,132.36,2481211.0,3136485.0,1.0,Financials,415145.1546,2020,1,2020-01
47896,JPM,JPMORGAN CHASE & CO,2020-02-28,-0.122771,116.11,2407384.0,3073977.0,1.0,Financials,356919.46946999995,2020,2,2020-02
47896,JPM,J P MORGAN CHASE & CO,2020-03-31,-0.224615,90.03,7343756.0,3073977.0,1.0,Financials,276750.14931,2020,3,2020-03
47896,JPM,J P MORGAN CHASE & CO,2020-04-30,0.073642,95.76,5320167.0,3046537.0,1.0,Financials,291736.38312,2020,4,2020-04
47896,JPM,JPMORGAN CHASE & CO,2020-05-29,0.016186,97.31,4979266.0,3047023.0,1.0,Financials,296505.80813,2020,5,2020-05
47896,JPM,JPMORGAN CHASE & CO,2020-06-30,-0.033398,94.06,5360464.0,3047023.0,1.0,Financials,286602.98338,2020,6,2020-06
47896,JPM,JPMORGAN CHASE & CO,2020-07-31,0.036998,96.64,4326558.0,3047023.0,1.0,Financials,294464.30272000004,2020,7,2020-07
47896,JPM,JPMORGAN CHASE & CO,2020-08-31,0.036734,100.19,3198138.0,3047604.0,1.0,Financials,305339.44476,2020,8,2020-08
47896,JPM,JPMORGAN CHASE & CO,2020-09-30,-0.039126,96.27,3907279.0,3047604.0,1.0,Financials,293392.83707999997,2020,9,2020-09
47896,JPM,JPMORGAN CHASE & CO,2020-10-30,0.027735,98.04,3253845.0,3047604.0,1.0,Financials,298787.09616,2020,10,2020-10
47896,JPM,JPMORGAN CHASE & CO,2020-11-30,0.202366,117.88,3338176.0,3048203.0,1.0,Financials,359322.16964,2020,11,2020-11
47896,JPM,JPMORGAN CHASE & CO,2020-12-31,0.077961,127.07,2741746.0,3048203.0,1.0,Financials,387335.15521,2020,12,2020-12
47896,JPM,JPMORGAN CHASE & CO,2021-01-29,0.019674,128.67,3185968.0,3048203.0,1.0,Financials,392212.28001,2021,1,2021-01
47896,JPM,J P MORGAN CHASE & CO,2021-02-26,0.143779,147.17,2292717.0,3051506.0,1.0,Financials,449090.13801999995,2021,2,2021-02
47896,JPM,J P MORGAN CHASE & CO,2021-03-31,0.034382,152.23,3994191.0,3051506.0,1.0,Financials,464530.75838,2021,3,2021-03
47896,JPM,JPMORGAN CHASE & CO,2021-04-30,0.016291,153.81,2886951.0,3032108.0,1.0,Financials,466368.53148,2021,4,2021-04
47896,JPM,J P MORGAN CHASE & CO,2021-05-28,0.067811,164.24001,2489636.0,3027128.0,1.0,Financials,497175.53299128,2021,5,2021-05
47896,JPM,JPMORGAN CHASE & CO,2021-06-30,-0.052971,155.53999,3567235.0,3027328.0,1.0,Financials,470870.56684672,2021,6,2021-06
47896,JPM,JPMORGAN CHASE & CO,2021-07-30,-0.018388,151.78,2805788.0,3027328.0,1.0,Financials,459487.84384,2021,7,2021-07
47896,JPM,JPMORGAN CHASE & CO,2021-08-31,0.053828,159.95,2080949.0,2988155.0,1.0,Financials,477955.3922499999,2021,8,2021-08
47896,JPM,J P MORGAN CHASE & CO,2021-09-30,0.023382,163.69,2348077.0,2988155.0,1.0,Financials,489131.09195,2021,9,2021-09
47896,JPM,JPMORGAN CHASE & CO,2021-10-29,0.043986,169.89,2316849.0,2988155.0,1.0,Financials,507657.65294999996,2021,10,2021-10
47896,JPM,JPMORGAN CHASE & CO,2021-11-30,-0.065101,158.83,2035090.0,2955266.0,1.0,Financials,469384.89878000005,2021,11,2021-11
47896,JPM,JPMORGAN CHASE & CO,2021-12-31,-0.003022,158.35001,2520291.0,2955266.0,1.0,Financials,467966.40065266,2021,12,2021-12
47896,JPM,JPMORGAN CHASE & CO,2022-01-31,-0.055257,148.60001,3740206.0,2955266.0,1.0,Financials,439152.55715266004,2022,1,2022-01
47896,JPM,JPMORGAN CHASE & CO,2022-02-28,-0.04576,141.8,2887311.0,2952809.0,1.0,Financials,418708.31620000006,2022,2,2022-02
47896,JPM,JPMORGAN CHASE & CO,2022-03-31,-0.038646,136.32001,3908044.0,2952809.0,1.0,Financials,402526.95240809,2022,3,2022-03
47896,JPM,JPMORGAN CHASE & CO,2022-04-29,-0.117078,119.36,3036616.0,2952809.0,1.0,Financials,352447.28224000003,2022,4,2022-04
47896,JPM,JPMORGAN CHASE & CO,2022-05-31,0.107825,132.23,3136305.0,2937050.0,1.0,Financials,388366.12149999995,2022,5,2022-05
47896,JPM,JPMORGAN CHASE & CO,2022-06-30,-0.148378,112.61,2682443.0,2937050.0,1.0,Financials,330741.2005,2022,6,2022-06
47896,JPM,J P MORGAN CHASE & CO,2022-07-29,0.033301,115.36,2395667.0,2937050.0,1.0,Financials,338818.088,2022,7,2022-07
47896,JPM,J P MORGAN CHASE & CO,2022-08-31,-0.01413,113.73,2584371.0,2932572.0,1.0,Financials,333521.41356,2022,8,2022-08
47896,JPM,JPMORGAN CHASE & CO,2022-09-30,-0.081157,104.5,2485607.0,2932572.0,1.0,Financials,306453.774,2022,9,2022-09
47896,JPM,JPMORGAN CHASE & CO,2022-10-31,0.214163,125.88,3182347.0,2932572.0,1.0,Financials,369152.16336,2022,10,2022-10
47896,JPM,JPMORGAN CHASE & CO,2022-11-30,0.097712,138.17999,2266346.0,2933205.0,1.0,Financials,405310.23756795,2022,11,2022-11
47896,JPM,JPMORGAN CHASE & CO,2022-12-30,-0.029527,134.10001,2020517.0,2933205.0,1.0,Financials,393342.81983204995,2022,12,2022-12
47896,JPM,JPMORGAN CHASE & CO,2023-01-31,0.051156,139.96001,2099652.0,2933205.0,1.0,Financials,410531.40113205,2023,1,2023-01
47896,JPM,J P MORGAN CHASE & CO,2023-02-28,0.024221,143.35001,1695656.0,2943355.0,1.0,Financials,421929.96868355,2023,2,2023-02
47896,JPM,JPMORGAN CHASE & CO,2023-03-31,-0.090966,130.31,4585030.0,2943355.0,1.0,Financials,383548.59005,2023,3,2023-03
47896,JPM,JPMORGAN CHASE & CO,2023-04-28,0.068529,138.24001,2428653.0,2943355.0,1.0,Financials,406889.42463355005,2023,4,2023-04
47896,JPM,J P MORGAN CHASE & CO,2023-05-31,-0.018302,135.71001,2353121.0,2922289.0,1.0,Financials,396583.86941289,2023,5,2023-05
47896,JPM,JPMORGAN CHASE & CO,2023-06-30,0.071697,145.44,2077501.0,2922289.0,1.0,Financials,425017.71216,2023,6,2023-06
47896,JPM,J P MORGAN CHASE & CO,2023-07-31,0.092959,157.96001,2312748.0,2922289.0,1.0,Financials,461604.79966289003,2023,7,2023-07
47896,JPM,J P MORGAN CHASE & CO,2023-08-31,-0.073626,146.33,1693183.0,2906085.0,1.0,Financials,425247.41805000004,2023,8,2023-08
47896,JPM,JPMORGAN CHASE & CO,2023-09-29,-0.008952,145.02,1722474.0,2906085.0,1.0,Financials,421440.44670000003,2023,9,2023-09
47896,JPM,JPMORGAN CHASE & CO,2023-10-31,-0.033857,139.06,2440733.0,2906085.0,1.0,Financials,404120.1801,2023,10,2023-10
47896,JPM,J P MORGAN CHASE & CO,2023-11-30,0.122393,156.08,1621980.0,2891008.0,1.0,Financials,451228.52864000003,2023,11,2023-11
47896,JPM,JPMORGAN CHASE & CO,2023-12-29,0.089826,170.10001,1847691.0,2891008.0,1.0,Financials,491760.48971008,2023,12,2023-12
47896,JPM,JPMORGAN CHASE & CO,2024-01-31,0.031217,174.36,2316568.0,2891008.0,1.0,Financials,504076.15488000005,2024,1,2024-01
47896,JPM,JPMORGAN CHASE & CO,2024-02-29,0.067103,186.06,1547358.0,2880371.0,1.0,Financials,535921.82826,2024,2,2024-02
47896,JPM,JPMORGAN CHASE & CO,2024-03-28,0.076535,200.3,1662563.0,2880371.0,1.0,Financials,576938.3113000001,2024,3,2024-03
47896,JPM,JPMORGAN CHASE & CO,2024-04-30,-0.036995,191.74001,2247794.0,2880371.0,1.0,Financials,552282.36434371,2024,4,2024-04
47896,JPM,J P MORGAN CHASE & CO,2024-05-31,0.056796,202.63,1959024.0,2871668.0,1.0,Financials,581886.08684,2024,5,2024-05
47896,JPM,JPMORGAN CHASE & CO,2024-06-28,-0.001826,202.25999,1749021.0,2871668.0,1.0,Financials,580823.5409633201,2024,6,2024-06
47896,JPM,JPMORGAN CHASE & CO,2024-07-31,0.057797,212.8,1974561.0,2871668.0,1.0,Financials,611090.9504,2024,7,2024-07
47896,JPM,J P MORGAN CHASE & CO,2024-08-30,0.056391,224.8,1724367.0,2845165.0,1.0,Financials,639593.092,2024,8,2024-08
47896,JPM,J P MORGAN CHASE & CO,2024-09-30,-0.062011,210.86,2064934.0,2845165.0,1.0,Financials,599931.4919000001,2024,9,2024-09
47896,JPM,J P MORGAN CHASE & CO,2024-10-31,0.05838,221.92,1783391.0,2815340.0,1.0,Financials,624780.2527999999,2024,10,2024-10
47896,JPM,J P MORGAN CHASE & CO,2024-11-29,0.12527,249.72,1888522.0,2815340.0,1.0,Financials,703046.7048,2024,11,2024-11
47896,JPM,JPMORGAN CHASE & CO,2024-12-31,-0.040085,239.71001,1812671.0,2815340.0,1.0,Financials,674865.1795534,2024,12,2024-12
10107,MSFT,MICROSOFT CORP,2018-01-31,0.110708,95.01,5744603.0,7699793.0,1.0,Technology,731557.33293,2018,1,2018-01
10107,MSFT,MICROSOFT CORP,2018-02-28,-0.008631,93.77,7257085.0,7699793.0,1.0,Technology,722009.58961,2018,2,2018-02
10107,MSFT,MICROSOFT CORP,2018-03-29,-0.026661,91.27,7507195.0,7690000.0,1.0,Technology,701866.3,2018,3,2018-03
10107,MSFT,MICROSOFT CORP,2018-04-30,0.024652,93.52,6699236.0,7683198.0,1.0,Technology,718532.67696,2018,4,2018-04
10107,MSFT,MICROSOFT CORP,2018-05-31,0.061377,98.84,5091267.0,7683198.0,1.0,Technology,759407.29032,2018,5,2018-05
10107,MSFT,MICROSOFT CORP,2018-06-29,-0.002327,98.61,6018073.0,7677000.0,1.0,Technology,757028.97,2018,6,2018-06
10107,MSFT,MICROSOFT CORP,2018-07-31,0.075753,106.08,5679044.0,7668217.0,1.0,Technology,813444.45936,2018,7,2018-07
10107,MSFT,MICROSOFT CORP,2018-08-31,0.062877,112.33,4565661.0,7668217.0,1.0,Technology,861370.81561,2018,8,2018-08
10107,MSFT,MICROSOFT CORP,2018-09-28,0.018161,114.37,4799331.0,7680000.0,1.0,Technology,878361.6,2018,9,2018-09
10107,MSFT,MICROSOFT CORP,2018-10-31,-0.066101,106.81,9279623.0,7676219.0,1.0,Technology,819896.95139,2018,10,2018-10
10107,MSFT,MICROSOFT CORP,2018-11-30,0.042505,110.89,7199533.0,7676219.0,1.0,Technology,851215.92491,2018,11,2018-11
10107,MSFT,MICROSOFT CORP,2018-12-31,-0.084047,101.57,9443269.0,7683000.0,1.0,Technology,780362.31,2018,12,2018-12
10107,MSFT,MICROSOFT CORP,2019-01-31,0.028158,104.43,7140356.0,7672213.0,1.0,Technology,801209.20359,2019,1,2019-01
10107,MSFT,MICROSOFT CORP,2019-02-28,0.077181,112.03,4688757.0,7672213.0,1.0,Technology,859518.0223899999,2019,2,2019-02
10107,MSFT,MICROSOFT CORP,2019-03-29,0.052754,117.94,5893465.0,7666000.0,1.0,Technology,904128.04,2019,3,2019-03
10107,MSFT,MICROSOFT CORP,2019-04-30,0.107343,130.60001,4330694.0,7662818.0,1.0,Technology,1000764.1074281799,2019,4,2019-04
10107,MSFT,MICROSOFT CORP,2019-05-31,-0.049464,123.68,5472320.0,7662818.0,1.0,Technology,947737.33024,2019,5,2019-05
10107,MSFT,MICROSOFT CORP,2019-06-28,0.083118,133.96001,5077693.0,7643000.0,1.0,Technology,1023856.35643,2019,6,2019-06
10107,MSFT,MICROSOFT CORP,2019-07-31,0.017244,136.27,4835534.0,7635409.0,1.0,Technology,1040477.18443,2019,7,2019-07
10107,MSFT,MICROSOFT CORP,2019-08-30,0.015044,137.86,5853810.0,7635409.0,1.0,Technology,1052617.4847400002,2019,8,2019-08
10107,MSFT,MICROSOFT CORP,2019-09-30,0.008487,139.03,4777427.0,7634000.0,1.0,Technology,1061355.02,2019,9,2019-09
10107,MSFT,MICROSOFT CORP,2019-10-31,0.031216,143.37,5627182.0,7628806.0,1.0,Technology,1093741.91622,2019,10,2019-10
10107,MSFT,MICROSOFT CORP,2019-11-29,0.059427,151.38,3930340.0,7628806.0,1.0,Technology,1154848.65228,2019,11,2019-11
10107,MSFT,MICROSOFT CORP,2019-12-31,0.041749,157.7,4520222.0,7611000.0,1.0,Technology,1200254.7,2019,12,2019-12
10107,MSFT,MICROSOFT CORP,2020-01-31,0.079455,170.23,5588346.0,7606047.0,1.0,Technology,1294777.38081,2020,1,2020-01
10107,MSFT,MICROSOFT CORP,2020-02-28,-0.045292,162.00999,8865959.0,7606047.0,1.0,Technology,1232255.59840953,2020,2,2020-02
10107,MSFT,MICROSOFT CORP,2020-03-31,-0.026542,157.71001,16102468.0,7590000.0,1.0,Technology,1197018.9759000002,2020,3,2020-03
10107,MSFT,MICROSOFT CORP,2020-04-30,0.136326,179.21001,9846428.0,7583440.0,1.0,Technology,1359028.3582344,2020,4,2020-04
10107,MSFT,MICROSOFT CORP,2020-05-29,0.025389,183.25,6880424.0,7583440.0,1.0,Technology,1389665.38,2020,5,2020-05
10107,MSFT,MICROSOFT CORP,2020-06-30,0.110559,203.50999,7637969.0,7571000.0,1.0,Technology,1540774.13429,2020,6,2020-06
10107,MSFT,MICROSOFT CORP,2020-07-31,0.007371,205.00999,7691053.0,7567653.0,1.0,Technology,1551444.46585347,2020,7,2020-07
10107,MSFT,MICROSOFT CORP,2020-08-31,0.10258,225.53,6911585.0,7567653.0,1.0,Technology,1706732.78109,2020,8,2020-08
10107,MSFT,MICROSOFT CORP,2020-09-30,-0.067397,210.33,7676076.0,7564000.0,1.0,Technology,1590936.12,2020,9,2020-09
10107,MSFT,MICROSOFT CORP,2020-10-30,-0.03737,202.47,6307778.0,7560496.0,1.0,Technology,1530773.62512,2020,10,2020-10
10107,MSFT,MICROSOFT CORP,2020-11-30,0.060058,214.07001,5731253.0,7560496.0,1.0,Technology,1618475.45432496,2020,11,2020-11
10107,MSFT,MICROSOFT CORP,2020-12-31,0.039006,222.42,5953829.0,7546000.0,1.0,Technology,1678381.32,2020,12,2020-12
10107,MSFT,MICROSOFT CORP,2021-01-29,0.042892,231.96001,6485677.0,7542216.0,1.0,Technology,1749492.49878216,2021,1,2021-01
10107,MSFT,MICROSOFT CORP,2021-02-26,0.004225,232.38,4900140.0,7542216.0,1.0,Technology,1752660.15408,2021,2,2021-02
10107,MSFT,MICROSOFT CORP,2021-03-31,0.014588,235.77,7249215.0,7534000.0,1.0,Technology,1776291.18,2021,3,2021-03
10107,MSFT,MICROSOFT CORP,2021-04-30,0.069602,252.17999,5681359.0,7531575.0,1.0,Technology,1899312.5081842502,2021,4,2021-04
10107,MSFT,MICROSOFT CORP,2021-05-28,-0.007693,249.67999,4947689.0,7531575.0,1.0,Technology,1880483.5706842502,2021,5,2021-05
10107,MSFT,MICROSOFT CORP,2021-06-30,0.084989,270.89999,5080224.0,7519000.0,1.0,Technology,2036897.0248099999,2021,6,2021-06
10107,MSFT,MICROSOFT CORP,2021-07-30,0.051717,284.91,5220794.0,7514891.0,1.0,Technology,2141067.59481,2021,7,2021-07
10107,MSFT,MICROSOFT CORP,2021-08-31,0.061528,301.88,4415471.0,7514891.0,1.0,Technology,2268595.29508,2021,8,2021-08
10107,MSFT,MICROSOFT CORP,2021-09-30,-0.066119,281.92001,5023354.0,7507897.0,1.0,Technology,2116626.39731897,2021,9,2021-09
10107,MSFT,MICROSOFT CORP,2021-10-29,0.176291,331.62,5157513.0,7507980.0,1.0,Technology,2489796.3276,2021,10,2021-10
10107,MSFT,MICROSOFT CORP,2021-11-30,-0.001236,330.59,5091543.0,7507980.0,1.0,Technology,2482063.1081999997,2021,11,2021-11
10107,MSFT,MICROSOFT CORP,2021-12-31,0.017333,336.32001,6250773.0,7507980.0,1.0,Technology,2525083.9086798,2021,12,2021-12
10107,MSFT,MICROSOFT CORP,2022-01-31,-0.075345,310.98001,9460285.0,7496866.0,1.0,Technology,2331375.46364866,2022,1,2022-01
10107,MSFT,MICROSOFT CORP,2022-02-28,-0.037205,298.79001,6905975.0,7496866.0,1.0,Technology,2239988.6671086596,2022,2,2022-02
10107,MSFT,MICROSOFT CORP,2022-03-31,0.031862,308.31,7351466.0,7483000.0,1.0,Technology,2307083.73,2022,3,2022-03
10107,MSFT,MICROSOFT CORP,2022-04-29,-0.099867,277.51999,6263718.0,7479033.0,1.0,Technology,2075581.16336967,2022,4,2022-04
10107,MSFT,MICROSOFT CORP,2022-05-31,-0.018125,271.87,7420645.0,7479033.0,1.0,Technology,2033324.70171,2022,5,2022-05
10107,MSFT,MICROSOFT CORP,2022-06-30,-0.055321,256.82999,6210638.0,7464000.0,1.0,Technology,1916979.04536,2022,6,2022-06
10107,MSFT,MICROSOFT CORP,2022-07-29,0.093097,280.73999,5341745.0,7457892.0,1.0,Technology,2093728.5255010799,2022,7,2022-07
10107,MSFT,MICROSOFT CORP,2022-08-31,-0.066432,261.47,4766826.0,7457892.0,1.0,Technology,1950015.0212400001,2022,8,2022-08
10107,MSFT,MICROSOFT CORP,2022-09-30,-0.109267,232.89999,5746488.0,7457000.0,1.0,Technology,1736735.22543,2022,9,2022-09
10107,MSFT,MICROSOFT CORP,2022-10-31,-0.003306,232.13,6703940.0,7454473.0,1.0,Technology,1730406.81749,2022,10,2022-10
10107,MSFT,MICROSOFT CORP,2022-11-30,0.102055,255.14,6145296.0,7454473.0,1.0,Technology,1901934.2412199997,2022,11,2022-11
10107,MSFT,MICROSOFT CORP,2022-12-30,-0.060045,239.82001,5991818.0,7447000.0,1.0,Technology,1785939.61447,2022,12,2022-12
10107,MSFT,MICROSOFT CORP,2023-01-31,0.033317,247.81,6653042.0,7443804.0,1.0,Technology,1844649.06924,2023,1,2023-01
10107,MSFT,MICROSOFT CORP,2023-02-28,0.009241,249.42,6148469.0,7443804.0,1.0,Technology,1856633.59368,2023,2,2023-02
10107,MSFT,MICROSOFT CORP,2023-03-31,0.155882,288.29999,7469274.0,7437000.0,1.0,Technology,2144087.02563,2023,3,2023-03
10107,MSFT,MICROSOFT CORP,2023-04-28,0.065765,307.26001,5506599.0,7435488.0,1.0,Technology,2284628.11723488,2023,4,2023-04
10107,MSFT,MICROSOFT CORP,2023-05-31,0.070982,328.39001,5992060.0,7435488.0,1.0,Technology,2441739.97867488,2023,5,2023-05
10107,MSFT,MICROSOFT CORP,2023-06-30,0.036999,340.54001,5470225.0,7432000.0,1.0,Technology,2530893.3543200004,2023,6,2023-06
10107,MSFT,MICROSOFT CORP,2023-07-31,-0.013567,335.92001,6658592.0,7429764.0,1.0,Technology,2495806.39717764,2023,7,2023-07
10107,MSFT,MICROSOFT CORP,2023-08-31,-0.022267,327.76001,4792283.0,7429764.0,1.0,Technology,2435179.52293764,2023,8,2023-08
10107,MSFT,MICROSOFT CORP,2023-09-29,-0.036643,315.75,4163480.0,7429031.0,1.0,Technology,2345716.53825,2023,9,2023-09
10107,MSFT,MICROSOFT CORP,2023-10-31,0.070816,338.10999,5399432.0,7432262.0,1.0,Technology,2512922.0304973796,2023,10,2023-10
10107,MSFT,MICROSOFT CORP,2023-11-30,0.122889,378.91,5602438.0,7432262.0,1.0,Technology,2816158.3944200003,2023,11,2023-11
10107,MSFT,MICROSOFT CORP,2023-12-29,-0.007574,376.04001,5185553.0,7432262.0,1.0,Technology,2794827.87680262,2023,12,2023-12
10107,MSFT,MICROSOFT CORP,2024-01-31,0.057281,397.57999,5256086.0,7430436.0,1.0,Technology,2954192.67057564,2024,1,2024-01
10107,MSFT,MICROSOFT CORP,2024-02-29,0.042281,413.64001,4421269.0,7430436.0,1.0,Technology,3073525.6213443605,2024,2,2024-02
10107,MSFT,MICROSOFT CORP,2024-03-28,0.017116,420.72,4236784.0,7432306.0,1.0,Technology,3126919.7803200004,2024,3,2024-03
10107,MSFT,MICROSOFT CORP,2024-04-30,-0.07461,389.32999,4360892.0,7432306.0,1.0,Technology,2893619.62065694,2024,4,2024-04
10107,MSFT,MICROSOFT CORP,2024-05-31,0.068194,415.13,4095924.0,7432306.0,1.0,Technology,3085373.1897799997,2024,5,2024-05
10107,MSFT,MICROSOFT CORP,2024-06-28,0.076651,446.95001,3398071.0,7434000.0,1.0,Technology,3322626.37434,2024,6,2024-06
10107,MSFT,MICROSOFT CORP,2024-07-31,-0.063989,418.35001,4361683.0,7433038.0,1.0,Technology,3109611.5216303803,2024,7,2024-07
10107,MSFT,MICROSOFT CORP,2024-08-30,-0.0011,417.14001,4489646.0,7433038.0,1.0,Technology,3100617.54565038,2024,8,2024-08
10107,MSFT,MICROSOFT CORP,2024-09-30,0.031548,430.29999,3750494.0,7434436.0,1.0,Technology,3199037.73645564,2024,9,2024-09
10107,MSFT,MICROSOFT CORP,2024-10-31,-0.055659,406.35001,4371028.0,7434881.0,1.0,Technology,3021163.9686988103,2024,10,2024-10
10107,MSFT,MICROSOFT CORP,2024-11-29,0.044149,423.45999,4403598.0,7434881.0,1.0,Technology,3148374.63391119,2024,11,2024-11
10107,MSFT,MICROSOFT CORP,2024-12-31,-0.004629,421.5,4365487.0,7434881.0,1.0,Technology,3133802.3415,2024,12,2024-12
86580,NVDA,NVIDIA CORP,2018-01-31,0.270284,245.8,2864272.0,606215.0,40.0,Technology,149007.647,2018,1,2018-01
86580,NVDA,NVIDIA CORP,2018-02-28,-0.01485,242.0,3720215.0,605000.0,40.0,Technology,146410.0,2018,2,2018-02
86580,NVDA,NVIDIA CORP,2018-03-29,-0.043017,231.59,3547079.0,605000.0,40.0,Technology,140111.95,2018,3,2018-03
86580,NVDA,NVIDIA CORP,2018-04-30,-0.028887,224.89999,2786544.0,607000.0,40.0,Technology,136514.29393,2018,4,2018-04
86580,NVDA,NVIDIA CORP,2018-05-31,0.12201,252.19,2998722.0,607000.0,40.0,Technology,153079.33,2018,5,2018-05
86580,NVDA,NVIDIA CORP,2018-06-29,-0.060629,236.89999,2196523.0,607000.0,40.0,Technology,143798.29393,2018,6,2018-06
86580,NVDA,NVIDIA CORP,2018-07-31,0.033601,244.86,1577629.0,608000.0,40.0,Technology,148874.88,2018,7,2018-07
86580,NVDA,NVIDIA CORP,2018-08-31,0.1469,280.67999,2730018.0,608000.0,40.0,Technology,170653.43391999998,2018,8,2018-08
86580,NVDA,NVIDIA CORP,2018-09-28,0.001211,281.01999,1584933.0,608000.0,40.0,Technology,170860.15392,2018,9,2018-09
86580,NVDA,NVIDIA CORP,2018-10-31,-0.249769,210.83,3245023.0,610000.0,40.0,Technology,128606.30000000002,2018,10,2018-10
86580,NVDA,NVIDIA CORP,2018-11-30,-0.224067,163.42999,4049666.0,610000.0,40.0,Technology,99692.2939,2018,11,2018-11
86580,NVDA,NVIDIA CORP,2018-12-31,-0.183136,133.5,3112856.0,610000.0,40.0,Technology,81435.0,2018,12,2018-12
86580,NVDA,NVIDIA CORP,2019-01-31,0.076779,143.75,4217646.0,610000.0,40.0,Technology,87687.5,2019,1,2019-01
86580,NVDA,NVIDIA CORP,2019-02-28,0.074226,154.25999,2860765.0,606000.0,40.0,Technology,93481.55394,2019,2,2019-02
86580,NVDA,NVIDIA CORP,2019-03-29,0.164009,179.56,3017167.0,606000.0,40.0,Technology,108813.36,2019,3,2019-03
86580,NVDA,NVIDIA CORP,2019-04-30,0.00802,181.0,2363511.0,609000.0,40.0,Technology,110229.0,2019,4,2019-04
86580,NVDA,NVIDIA CORP,2019-05-31,-0.250718,135.46001,2794895.0,609000.0,40.0,Technology,82495.14609000001,2019,5,2019-05
86580,NVDA,NVIDIA CORP,2019-06-28,0.212387,164.23,2056951.0,609000.0,40.0,Technology,100016.07,2019,6,2019-06
86580,NVDA,NVIDIA CORP,2019-07-31,0.02734,168.72,2104278.0,609000.0,40.0,Technology,102750.48,2019,7,2019-07
86580,NVDA,NVIDIA CORP,2019-08-30,-0.006223,167.50999,2392428.0,609000.0,40.0,Technology,102013.58391,2019,8,2019-08
86580,NVDA,NVIDIA CORP,2019-09-30,0.039162,174.07001,1601226.0,609000.0,40.0,Technology,106008.63609,2019,9,2019-09
86580,NVDA,NVIDIA CORP,2019-10-31,0.154823,201.02,1951366.0,612000.0,40.0,Technology,123024.24,2019,10,2019-10
86580,NVDA,NVIDIA CORP,2019-11-29,0.078997,216.74001,1834107.0,612000.0,40.0,Technology,132644.88612,2019,11,2019-11
86580,NVDA,NVIDIA CORP,2019-12-31,0.085633,235.3,1639520.0,612000.0,40.0,Technology,144003.6,2019,12,2019-12
86580,NVDA,NVIDIA CORP,2020-01-31,0.004802,236.42999,1530289.0,612000.0,40.0,Technology,144695.15388,2020,1,2020-01
86580,NVDA,NVIDIA CORP,2020-02-28,0.14296,270.07001,2956454.0,612000.0,40.0,Technology,165282.84612,2020,2,2020-02
86580,NVDA,NVIDIA CORP,2020-03-31,-0.023957,263.60001,3937008.0,615108.0,40.0,Technology,162142.47495108,2020,3,2020-03
86580,NVDA,NVIDIA CORP,2020-04-30,0.108801,292.28,2818295.0,615000.0,40.0,Technology,179752.19999999998,2020,4,2020-04
86580,NVDA,NVIDIA CORP,2020-05-29,0.214657,355.01999,3132848.0,615000.0,40.0,Technology,218337.29385,2020,5,2020-05
86580,NVDA,NVIDIA CORP,2020-06-30,0.070559,379.91,2423478.0,615000.0,40.0,Technology,233644.65000000002,2020,6,2020-06
86580,NVDA,NVIDIA CORP,2020-07-31,0.117607,424.59,2022348.0,617000.0,40.0,Technology,261972.02999999997,2020,7,2020-07
86580,NVDA,NVIDIA CORP,2020-08-31,0.259992,534.97998,2411113.0,617000.0,40.0,Technology,330082.64765999996,2020,8,2020-08
86580,NVDA,NVIDIA CORP,2020-09-30,0.011963,541.21997,3956426.0,617000.0,40.0,Technology,333932.72149,2020,9,2020-09
86580,NVDA,NVIDIA CORP,2020-10-30,-0.073648,501.35999,2000696.0,619000.0,40.0,Technology,310341.83381,2020,10,2020-10
86580,NVDA,NVIDIA CORP,2020-11-30,0.069212,536.06,1896177.0,619000.0,40.0,Technology,331821.13999999996,2020,11,2020-11
86580,NVDA,NVIDIA CORP,2020-12-31,-0.025557,522.20001,1276936.0,619000.0,40.0,Technology,323241.80619,2020,12,2020-12
86580,NVDA,NVIDIA CORP,2021-01-29,-0.004998,519.59003,1532575.0,620000.0,40.0,Technology,322145.81859999994,2021,1,2021-01
86580,NVDA,NVIDIA CORP,2021-02-26,0.055794,548.58002,1666380.0,620000.0,40.0,Technology,340119.6124,2021,2,2021-02
86580,NVDA,NVIDIA CORP,2021-03-31,-0.026414,533.92999,1906338.0,622345.0,40.0,Technology,332288.65962655,2021,3,2021-03
86580,NVDA,NVIDIA CORP,2021-04-30,0.124455,600.38,1675421.0,623000.0,40.0,Technology,374036.74,2021,4,2021-04
86580,NVDA,NVIDIA CORP,2021-05-28,0.082281,649.78003,1760518.0,623000.0,40.0,Technology,404812.95869,2021,5,2021-05
86580,NVDA,NVIDIA CORP,2021-06-30,0.231586,800.09998,2562882.0,623000.0,40.0,Technology,498462.28754,2021,6,2021-06
86580,NVDA,NVIDIA CORP,2021-07-30,-0.025172,194.99001,3711893.0,2500000.0,10.0,Technology,487475.0250000001,2021,7,2021-07
86580,NVDA,NVIDIA CORP,2021-08-31,0.148213,223.85001,6403341.0,2500000.0,10.0,Technology,559625.025,2021,8,2021-08
86580,NVDA,NVIDIA CORP,2021-09-30,-0.074559,207.16,4992551.0,2500000.0,10.0,Technology,517900.0,2021,9,2021-09
86580,NVDA,NVIDIA CORP,2021-10-29,0.234167,255.67,4963403.0,2502000.0,10.0,Technology,639686.34,2021,10,2021-10
86580,NVDA,NVIDIA CORP,2021-11-30,0.278054,326.76001,10785582.0,2500000.0,10.0,Technology,816900.025,2021,11,2021-11
86580,NVDA,NVIDIA CORP,2021-12-31,-0.099798,294.10999,11041329.0,2500000.0,10.0,Technology,735274.975,2021,12,2021-12
86580,NVDA,NVIDIA CORP,2022-01-31,-0.167454,244.86,10660409.0,2506000.0,10.0,Technology,613619.16,2022,1,2022-01
86580,NVDA,NVIDIA CORP,2022-02-28,-0.004125,243.85001,10588623.0,2506000.0,10.0,Technology,611088.12506,2022,2,2022-02
86580,NVDA,NVIDIA CORP,2022-03-31,0.119131,272.85999,11621613.0,2503959.0,10.0,Technology,683230.2277004101,2022,3,2022-03
86580,NVDA,NVIDIA CORP,2022-04-29,-0.320274,185.47,11093061.0,2500000.0,10.0,Technology,463675.0,2022,4,2022-04
86580,NVDA,NVIDIA CORP,2022-05-31,0.00674,186.72,13804449.0,2500000.0,10.0,Technology,466800.0,2022,5,2022-05
86580,NVDA,NVIDIA CORP,2022-06-30,-0.187928,151.59,10560406.0,2500000.0,10.0,Technology,378975.0,2022,6,2022-06
86580,NVDA,NVIDIA CORP,2022-07-29,0.198166,181.63,10557209.0,2489000.0,10.0,Technology,452077.07,2022,7,2022-07
86580,NVDA,NVIDIA CORP,2022-08-31,-0.16897,150.94,12062457.0,2490000.0,10.0,Technology,375840.6,2022,8,2022-08
86580,NVDA,NVIDIA CORP,2022-09-30,-0.195508,121.39,13120969.0,2490000.0,10.0,Technology,302261.1,2022,9,2022-09
86580,NVDA,NVIDIA CORP,2022-10-31,0.111871,134.97,12538222.0,2460000.0,10.0,Technology,332026.2,2022,10,2022-10
86580,NVDA,NVIDIA CORP,2022-11-30,0.254131,169.23,10587972.0,2460000.0,10.0,Technology,416305.8,2022,11,2022-11
86580,NVDA,NVIDIA CORP,2022-12-30,-0.136442,146.14,8945747.0,2460000.0,10.0,Technology,359504.39999999997,2022,12,2022-12
86580,NVDA,NVIDIA CORP,2023-01-31,0.336869,195.37,9444060.0,2466000.0,10.0,Technology,481782.42,2023,1,2023-01
86580,NVDA,NVIDIA CORP,2023-02-28,0.188309,232.16,10377963.0,2470000.0,10.0,Technology,573435.2,2023,2,2023-02
86580,NVDA,NVIDIA CORP,2023-03-31,0.196632,277.76999,11244508.0,2470000.0,10.0,Technology,686091.8753000001,2023,3,2023-03
86580,NVDA,NVIDIA CORP,2023-04-28,-0.001008,277.48999,7426880.0,2470000.0,10.0,Technology,685400.2753,2023,4,2023-04
86580,NVDA,NVIDIA CORP,2023-05-31,0.363437,378.34,11672209.0,2470000.0,10.0,Technology,934499.7999999999,2023,5,2023-05
86580,NVDA,NVIDIA CORP,2023-06-30,0.118201,423.01999,10502739.0,2470000.0,10.0,Technology,1044859.3753000001,2023,6,2023-06
86580,NVDA,NVIDIA CORP,2023-07-31,0.104652,467.29001,8685162.0,2470000.0,10.0,Technology,1154206.3247,2023,7,2023-07
86580,NVDA,NVIDIA CORP,2023-08-31,0.056196,493.54999,13596091.0,2470000.0,10.0,Technology,1219068.4753,2023,8,2023-08
86580,NVDA,NVIDIA CORP,2023-09-29,-0.11857,434.98999,8556380.0,2470000.0,10.0,Technology,1074425.2752999999,2023,9,2023-09
86580,NVDA,NVIDIA CORP,2023-10-31,-0.062507,407.79999,10118980.0,2466000.0,10.0,Technology,1005634.7753399999,2023,10,2023-10
86580,NVDA,NVIDIA CORP,2023-11-30,0.146886,467.70001,9083078.0,2470000.0,10.0,Technology,1155219.0247,2023,11,2023-11
86580,NVDA,NVIDIA CORP,2023-12-29,0.058927,495.22,7364389.0,2470000.0,10.0,Technology,1223193.4,2023,12,2023-12
86580,NVDA,NVIDIA CORP,2024-01-31,0.242418,615.27002,9656674.0,2464000.0,10.0,Technology,1516025.3292800002,2024,1,2024-01
86580,NVDA,NVIDIA CORP,2024-02-29,0.285809,791.12,10998703.0,2500000.0,10.0,Technology,1977800.0,2024,2,2024-02
86580,NVDA,NVIDIA CORP,2024-03-28,0.142178,903.56,12058409.0,2463727.0,10.0,Technology,2226125.16812,2024,3,2024-03
86580,NVDA,NVIDIA CORP,2024-04-30,-0.04376,864.02002,10005538.0,2459834.0,10.0,Technology,2125345.82187668,2024,4,2024-04
86580,NVDA,NVIDIA CORP,2024-05-31,0.268871,1096.32996,9583564.0,2459834.0,10.0,Technology,2696789.71082664,2024,5,2024-05
86580,NVDA,NVIDIA CORP,2024-06-28,0.126942,123.54,52079142.0,24568840.0,1.0,Technology,3035234.4936,2024,6,2024-06
86580,NVDA,NVIDIA CORP,2024-07-31,-0.052777,117.02,63631317.0,24562000.0,1.0,Technology,2874245.24,2024,7,2024-07
86580,NVDA,NVIDIA CORP,2024-08-30,0.020082,119.37,80756836.0,24530000.0,1.0,Technology,2928146.1,2024,8,2024-08
86580,NVDA,NVIDIA CORP,2024-09-30,0.017425,121.44,62413372.0,24530000.0,1.0,Technology,2978923.2,2024,9,2024-09
86580,NVDA,NVIDIA CORP,2024-10-31,0.093215,132.75999,56028888.0,24508000.0,1.0,Technology,3253681.83492,2024,10,2024-10
86580,NVDA,NVIDIA CORP,2024-11-29,0.041353,138.25,44805933.0,24490000.0,1.0,Technology,3385742.5,2024,11,2024-11
86580,NVDA,NVIDIA CORP,2024-12-31,-0.028572,134.28999,40668055.0,24490000.0,1.0,Technology,3288761.8551,2024,12,2024-12
93436,TSLA,TESLA INC,2018-01-31,0.13798,354.31,1243079.0,168797.0,15.0,Technology,59806.46507,2018,1,2018-01
93436,TSLA,TESLA INC,2018-02-28,-0.031752,343.06,1091960.0,168920.0,15.0,Technology,57949.6952,2018,2,2018-02
93436,TSLA,TESLA INC,2018-03-29,-0.224246,266.13,1572578.0,169750.0,15.0,Technology,45175.5675,2018,3,2018-03
93436,TSLA,TESLA MOTORS INC,2018-04-30,0.104347,293.89999,1906004.0,169794.0,15.0,Technology,49902.45490206,2018,4,2018-04
93436,TSLA,TESLA MOTORS INC,2018-05-31,-0.031201,284.73001,1555774.0,169794.0,15.0,Technology,48345.447317939994,2018,5,2018-05
93436,TSLA,TESLA MOTORS INC,2018-06-29,0.204474,342.95001,2136042.0,170516.0,15.0,Technology,58478.46390516,2018,6,2018-06
93436,TSLA,TESLA INC,2018-07-31,-0.13066,298.14001,1723953.0,170593.0,15.0,Technology,50860.59872593,2018,7,2018-07
93436,TSLA,TESLA MOTORS INC,2018-08-31,0.011807,301.66,2773316.0,170593.0,15.0,Technology,51461.08438,2018,8,2018-08
93436,TSLA,TESLA MOTORS INC,2018-09-28,-0.12229,264.76999,1960767.0,171578.0,15.0,Technology,45428.70534422,2018,9,2018-09
93436,TSLA,TESLA INC,2018-10-31,0.274011,337.32001,2864231.0,171733.0,15.0,Technology,57928.97727733001,2018,10,2018-10
93436,TSLA,TESLA MOTORS INC,2018-11-30,0.039013,350.48001,1331285.0,171733.0,15.0,Technology,60188.98355733,2018,11,2018-11
93436,TSLA,TESLA INC,2018-12-31,-0.050445,332.79999,1464466.0,172602.0,15.0,Technology,57441.943873979995,2018,12,2018-12
93436,TSLA,TESLA INC,2019-01-31,-0.077464,307.01999,1757076.0,172602.0,15.0,Technology,52992.26431398,2019,1,2019-01
93436,TSLA,TESLA MOTORS INC,2019-02-28,0.041887,319.88,1285744.0,172721.0,15.0,Technology,55249.99348,2019,2,2019-02
93436,TSLA,TESLA INC,2019-03-29,-0.125109,279.85999,2137844.0,173682.0,15.0,Technology,48606.642783179996,2019,3,2019-03
93436,TSLA,TESLA INC,2019-04-30,-0.147109,238.69,2307535.0,173721.0,15.0,Technology,41465.46549,2019,4,2019-04
93436,TSLA,TESLA INC,2019-05-31,-0.224266,185.16,2826537.0,177270.0,15.0,Technology,32823.3132,2019,5,2019-05
93436,TSLA,TESLA MOTORS INC,2019-06-28,0.206848,223.46001,2149819.0,179118.0,15.0,Technology,40025.71007118,2019,6,2019-06
93436,TSLA,TESLA INC,2019-07-31,0.081223,241.61,1994069.0,179127.0,15.0,Technology,43278.874469999995,2019,7,2019-07
93436,TSLA,TESLA MOTORS INC,2019-08-30,-0.066222,225.61,1340932.0,179127.0,15.0,Technology,40412.842469999996,2019,8,2019-08
93436,TSLA,TESLA MOTORS INC,2019-09-30,0.067639,240.87,1365915.0,180000.0,15.0,Technology,43356.6,2019,9,2019-09
93436,TSLA,TESLA MOTORS INC,2019-10-31,0.307427,314.92001,2351125.0,180245.0,15.0,Technology,56762.75720245,2019,10,2019-10
93436,TSLA,TESLA INC,2019-11-29,0.047695,329.94,1578851.0,180245.0,15.0,Technology,59470.035299999996,2019,11,2019-11
93436,TSLA,TESLA MOTORS INC,2019-12-31,0.267897,418.32999,2070288.0,181062.0,15.0,Technology,75743.66464937999,2019,12,2019-12
93436,TSLA,TESLA INC,2020-01-31,0.55516,650.57001,4072082.0,181062.0,15.0,Technology,117793.50715062,2020,1,2020-01
93436,TSLA,TESLA MOTORS INC,2020-02-28,0.026777,667.98999,4720676.0,184110.0,15.0,Technology,122983.63705890001,2020,2,2020-02
93436,TSLA,TESLA INC,2020-03-31,-0.215557,524.0,4200834.0,185000.0,15.0,Technology,96940.0,2020,3,2020-03
93436,TSLA,TESLA INC,2020-04-30,0.492137,781.88,3806580.0,185371.0,15.0,Technology,144937.87748,2020,4,2020-04
93436,TSLA,TESLA MOTORS INC,2020-05-29,0.067939,835.0,2723026.0,185371.0,15.0,Technology,154784.785,2020,5,2020-05
93436,TSLA,TESLA MOTORS INC,2020-06-30,0.293186,1079.81006,2551787.0,186000.0,15.0,Technology,200844.67116,2020,6,2020-06
93436,TSLA,TESLA MOTORS INC,2020-07-31,0.325011,1430.76001,3776740.0,186362.0,15.0,Technology,266639.29698362,2020,7,2020-07
93436,TSLA,TESLA INC,2020-08-31,0.741452,498.32001,4051970.0,931809.0,3.0,Technology,464339.07019809,2020,8,2020-08
93436,TSLA,TESLA INC,2020-09-30,-0.139087,429.01001,17331954.0,948000.0,3.0,Technology,406701.48948000005,2020,9,2020-09
93436,TSLA,TESLA INC,2020-10-30,-0.095499,388.04001,8330610.0,947901.0,3.0,Technology,367823.51351901,2020,10,2020-10
93436,TSLA,TESLA MOTORS INC,2020-11-30,0.462736,567.59998,7811501.0,947901.0,3.0,Technology,538028.58864198,2020,11,2020-11
93436,TSLA,TESLA MOTORS INC,2020-12-31,0.243252,705.66998,11962716.0,959854.0,3.0,Technology,677340.1529829201,2020,12,2020-12
93436,TSLA,TESLA INC,2021-01-29,0.124506,793.53003,7038597.0,959854.0,3.0,Technology,761672.9734156199,2021,1,2021-01
93436,TSLA,TESLA MOTORS INC,2021-02-26,-0.14874,675.5,5222236.0,959854.0,3.0,Technology,648381.377,2021,2,2021-02
93436,TSLA,TESLA INC,2021-03-31,-0.011207,667.92999,9405526.0,963000.0,3.0,Technology,643216.58037,2021,3,2021-03
93436,TSLA,TESLA MOTORS INC,2021-04-30,0.062147,709.44,6774422.0,963330.0,3.0,Technology,683424.8352000001,2021,4,2021-04
93436,TSLA,TESLA MOTORS INC,2021-05-28,-0.118713,625.21997,6241463.0,963330.0,3.0,Technology,602293.1537000999,2021,5,2021-05
93436,TSLA,TESLA MOTORS INC,2021-06-30,0.087137,679.70001,5186813.0,984003.0,3.0,Technology,668826.84894003,2021,6,2021-06
93436,TSLA,TESLA MOTORS INC,2021-07-30,0.011034,687.20001,4472791.0,990015.0,3.0,Technology,680338.3179001501,2021,7,2021-07
93436,TSLA,TESLA INC,2021-08-31,0.070605,735.71997,3812156.0,1001767.0,3.0,Technology,737019.98718699,2021,8,2021-08
93436,TSLA,TESLA MOTORS INC,2021-09-30,0.054042,775.47998,3889228.0,1004000.0,3.0,Technology,778581.89992,2021,9,2021-09
93436,TSLA,TESLA MOTORS INC,2021-10-29,0.43653,1114.0,5263955.0,1004265.0,3.0,Technology,1118751.21,2021,10,2021-10
93436,TSLA,TESLA INC,2021-11-30,0.027612,1144.76001,6457197.0,1004265.0,3.0,Technology,1149642.41144265,2021,11,2021-11
93436,TSLA,TESLA MOTORS INC,2021-12-31,-0.076855,1056.78003,5075118.0,1033508.0,3.0,Technology,1092190.61524524,2021,12,2021-12
93436,TSLA,TESLA INC,2022-01-31,-0.113609,936.71997,6361641.0,1033508.0,3.0,Technology,968107.58275476,2022,1,2022-01
93436,TSLA,TESLA INC,2022-02-28,-0.070768,870.42999,4609541.0,1033508.0,3.0,Technology,899596.35810492,2022,2,2022-02
93436,TSLA,TESLA MOTORS INC,2022-03-31,0.238009,1077.59998,5742614.0,1035976.0,3.0,Technology,1116367.71688048,2022,3,2022-03
93436,TSLA,TESLA INC,2022-04-29,-0.191945,870.76001,5046142.0,1036010.0,3.0,Technology,902116.0779600999,2022,4,2022-04
93436,TSLA,TESLA MOTORS INC,2022-05-31,-0.129197,758.26001,6470842.0,1036010.0,3.0,Technology,785564.9529600999,2022,5,2022-05
93436,TSLA,TESLA INC,2022-06-30,-0.111888,673.41998,6684634.0,1041000.0,3.0,Technology,701030.1991800001,2022,6,2022-06
93436,TSLA,TESLA MOTORS INC,2022-07-29,0.323765,891.45001,5800688.0,1044490.0,3.0,Technology,931110.6209449001,2022,7,2022-07
93436,TSLA,TESLA MOTORS INC,2022-08-31,-0.072489,275.60999,7322218.0,3133470.0,1.0,Technology,863615.6353653,2022,8,2022-08
93436,TSLA,TESLA MOTORS INC,2022-09-30,-0.037589,265.25,12965500.0,3158000.0,1.0,Technology,837659.5,2022,9,2022-09
93436,TSLA,TESLA MOTORS INC,2022-10-31,-0.142168,227.53999,17325849.0,3157752.0,1.0,Technology,718514.85850248,2022,10,2022-10
93436,TSLA,TESLA MOTORS INC,2022-11-30,-0.144326,194.7,18824244.0,3157752.0,1.0,Technology,614814.3144,2022,11,2022-11
93436,TSLA,TESLA MOTORS INC,2022-12-30,-0.367334,123.18,29417041.0,3164000.0,1.0,Technology,389741.52,2022,12,2022-12
93436,TSLA,TESLA INC,2023-01-31,0.406235,173.22,38949518.0,3164103.0,1.0,Technology,548085.92166,2023,1,2023-01
93436,TSLA,TESLA INC,2023-02-28,0.187565,205.71001,36239683.0,3164103.0,1.0,Technology,650887.6597710301,2023,2,2023-02
93436,TSLA,TESLA MOTORS INC,2023-03-31,0.008507,207.46001,33115078.0,3169314.0,1.0,Technology,657505.9141331401,2023,3,2023-03
93436,TSLA,TESLA INC,2023-04-28,-0.207992,164.31,25038244.0,3169504.0,1.0,Technology,520781.20224,2023,4,2023-04
93436,TSLA,TESLA MOTORS INC,2023-05-31,0.24113,203.92999,26816033.0,3169504.0,1.0,Technology,646356.91902496,2023,5,2023-05
93436,TSLA,TESLA MOTORS INC,2023-06-30,0.283627,261.76999,34409322.0,3174000.0,1.0,Technology,830857.94826,2023,6,2023-06
93436,TSLA,TESLA MOTORS INC,2023-07-31,0.021622,267.42999,23934292.0,3173994.0,1.0,Technology,848821.1836800599,2023,7,2023-07
93436,TSLA,TESLA MOTORS INC,2023-08-31,-0.034962,258.07999,25029170.0,3173994.0,1.0,Technology,819144.3397800601,2023,8,2023-08
93436,TSLA,TESLA MOTORS INC,2023-09-29,-0.030456,250.22,24395440.0,3179000.0,1.0,Technology,795449.38,2023,9,2023-09
93436,TSLA,TESLA INC,2023-10-31,-0.197346,200.84,25905681.0,3178921.0,1.0,Technology,638454.49364,2023,10,2023-10
93436,TSLA,TESLA MOTORS INC,2023-11-30,0.195379,240.08,26395792.0,3178921.0,1.0,Technology,763195.3536800001,2023,11,2023-11
93436,TSLA,TESLA INC,2023-12-29,0.034988,248.48,22852106.0,3185000.0,1.0,Technology,791408.8,2023,12,2023-12
93436,TSLA,TESLA INC,2024-01-31,-0.246257,187.28999,23338728.0,3184790.0,1.0,Technology,596479.2872521,2024,1,2024-01
93436,TSLA,TESLA MOTORS INC,2024-02-29,0.077901,201.88,20116008.0,3184790.0,1.0,Technology,642945.4051999999,2024,2,2024-02
93436,TSLA,TESLA INC,2024-03-28,-0.129235,175.78999,18917905.0,3188966.0,1.0,Technology,560588.30125034,2024,3,2024-03
93436,TSLA,TESLA INC,2024-04-30,0.042608,183.28,24679392.0,3189196.0,1.0,Technology,584515.84288,2024,4,2024-04
93436,TSLA,TESLA INC,2024-05-31,-0.028372,178.08,16613245.0,3189196.0,1.0,Technology,567932.0236800001,2024,5,2024-05
93436,TSLA,TESLA INC,2024-06-28,0.111186,197.88,14001225.0,3194640.0,1.0,Technology,632155.3631999999,2024,6,2024-06
93436,TSLA,TESLA INC,2024-07-31,0.172781,232.07001,29287946.0,3194640.0,1.0,Technology,741380.1367464,2024,7,2024-07
93436,TSLA,TESLA MOTORS INC,2024-08-30,-0.077391,214.11,16108365.0,3194640.0,1.0,Technology,684004.3704000001,2024,8,2024-08
93436,TSLA,TESLA MOTORS INC,2024-09-30,0.221942,261.63,16042065.0,3207000.0,1.0,Technology,839047.41,2024,9,2024-09
93436,TSLA,TESLA MOTORS INC,2024-10-31,-0.045025,249.85001,19014312.0,3210060.0,1.0,Technology,802033.5231006,2024,10,2024-10
93436,TSLA,TESLA MOTORS INC,2024-11-29,0.381469,345.16,20821313.0,3210060.0,1.0,Technology,1107984.3096,2024,11,2024-11
93436,TSLA,TESLA INC,2024-12-31,0.170008,403.84,18946442.0,3210060.0,1.0,Technology,1296350.6304,2024,12,2024-12
11850,XOM,EXXON MOBIL CORP,2018-01-31,0.043759,87.3,2339446.0,4237106.0,1.0,Energy,369899.35380000004,2018,1,2018-01
11850,XOM,EXXON MOBIL CORP,2018-02-28,-0.123597,75.74,3694148.0,4237462.0,1.0,Energy,320945.37188,2018,2,2018-02
11850,XOM,EXXON MOBIL CORP,2018-03-29,-0.014919,74.61,3567411.0,4237462.0,1.0,Energy,316157.03982,2018,3,2018-03
11850,XOM,EXXON MOBIL CORP,2018-04-30,0.042086,77.75,2861128.0,4234000.0,1.0,Energy,329193.5,2018,4,2018-04
11850,XOM,EXXON MOBIL CORP,2018-05-31,0.055434,81.24,2993379.0,4233834.0,1.0,Energy,343956.67416,2018,5,2018-05
11850,XOM,EXXON MOBIL CORP,2018-06-29,0.018341,82.73,2578314.0,4233834.0,1.0,Energy,350265.08681999997,2018,6,2018-06
11850,XOM,EXXON MOBIL CORP,2018-07-31,-0.014747,81.51,2046945.0,4234000.0,1.0,Energy,345113.34,2018,7,2018-07
11850,XOM,EXXON MOBIL CORP,2018-08-31,-0.00638,80.17,2150741.0,4233810.0,1.0,Energy,339424.5477,2018,8,2018-08
11850,XOM,EXXON MOBIL CORP,2018-09-28,0.060496,85.02,2270241.0,4233810.0,1.0,Energy,359958.52619999996,2018,9,2018-09
11850,XOM,EXXON MOBIL CORP,2018-10-31,-0.062809,79.68,3059109.0,4233810.0,1.0,Energy,337349.9808,2018,10,2018-10
11850,XOM,EXXON MOBIL CORP,2018-11-30,0.008032,79.5,2870820.0,4233807.0,1.0,Energy,336587.6565,2018,11,2018-11
11850,XOM,EXXON MOBIL CORP,2018-12-31,-0.142264,68.19,3806468.0,4233807.0,1.0,Energy,288703.29933,2018,12,2018-12
11850,XOM,EXXON MOBIL CORP,2019-01-31,0.074644,73.28,2692291.0,4233807.0,1.0,Energy,310253.37695999997,2019,1,2019-01
11850,XOM,EXXON MOBIL CORP,2019-02-28,0.089656,79.03,2450679.0,4237000.0,1.0,Energy,334850.11,2019,2,2019-02
11850,XOM,EXXON MOBIL CORP,2019-03-29,0.022397,80.8,2724555.0,4237000.0,1.0,Energy,342349.6,2019,3,2019-03
11850,XOM,EXXON MOBIL CORP,2019-04-30,-0.006436,80.28,2195241.0,4231000.0,1.0,Energy,339664.68,2019,4,2019-04
11850,XOM,EXXON MOBIL CORP,2019-05-31,-0.107623,70.77,2500954.0,4231094.0,1.0,Energy,299434.52238,2019,5,2019-05
11850,XOM,EXXON MOBIL CORP,2019-06-28,0.082804,76.63,2189546.0,4231094.0,1.0,Energy,324228.73322,2019,6,2019-06
11850,XOM,EXXON MOBIL CORP,2019-07-31,-0.029623,74.36,1869190.0,4231094.0,1.0,Energy,314624.14983999997,2019,7,2019-07
11850,XOM,EXXON MOBIL CORP,2019-08-30,-0.067375,68.48,2776535.0,4231106.0,1.0,Energy,289746.13888,2019,8,2019-08
11850,XOM,EXXON MOBIL CORP,2019-09-30,0.031104,70.61,2177885.0,4231106.0,1.0,Energy,298758.39466000005,2019,9,2019-09
11850,XOM,EXXON MOBIL CORP,2019-10-31,-0.043053,67.57,2448392.0,4231106.0,1.0,Energy,285895.83241999993,2019,10,2019-10
11850,XOM,EXXON MOBIL CORP,2019-11-29,0.021163,68.13,2496272.0,4231106.0,1.0,Energy,288265.25178,2019,11,2019-11
11850,XOM,EXXON MOBIL CORP,2019-12-31,0.024218,69.78,2867048.0,4231106.0,1.0,Energy,295246.57668,2019,12,2019-12
11850,XOM,EXXON MOBIL CORP,2020-01-31,-0.109774,62.12,3592468.0,4234000.0,1.0,Energy,263016.08,2020,1,2020-01
11850,XOM,EXXON MOBIL CORP,2020-02-28,-0.15792,51.44,4799222.0,4232191.0,1.0,Energy,217703.90503999998,2020,2,2020-02
11850,XOM,EXXON MOBIL CORP,2020-03-31,-0.261858,37.97,11712698.0,4232191.0,1.0,Energy,160696.29226999998,2020,3,2020-03
11850,XOM,EXXON MOBIL CORP,2020-04-30,0.223861,46.47,7916314.0,4230430.0,1.0,Energy,196588.0821,2020,4,2020-04
11850,XOM,EXXON MOBIL CORP,2020-05-29,-0.002798,45.47,4772305.0,4228211.0,1.0,Energy,192256.75417,2020,5,2020-05
11850,XOM,EXXON MOBIL CORP,2020-06-30,-0.016494,44.72,5849875.0,4228211.0,1.0,Energy,189085.59592,2020,6,2020-06
11850,XOM,EXXON MOBIL CORP,2020-07-31,-0.059034,42.08,4471626.0,4228211.0,1.0,Energy,177923.11888,2020,7,2020-07
11850,XOM,EXXON MOBIL CORP,2020-08-31,-0.030181,39.94,4495002.0,4228233.0,1.0,Energy,168875.62601999997,2020,8,2020-08
11850,XOM,EXXON MOBIL CORP,2020-09-30,-0.140461,34.33,5908611.0,4228233.0,1.0,Energy,145155.23888999998,2020,9,2020-09
11850,XOM,EXXON MOBIL CORP,2020-10-30,-0.049811,32.62,6304689.0,4228233.0,1.0,Energy,137924.96045999997,2020,10,2020-10
11850,XOM,EXXON MOBIL CORP,2020-11-30,0.195586,38.13,7040089.0,4228234.0,1.0,Energy,161222.56242000003,2020,11,2020-11
11850,XOM,EXXON MOBIL CORP,2020-12-31,0.081039,41.22,6039454.0,4228234.0,1.0,Energy,174287.80547999998,2020,12,2020-12
11850,XOM,EXXON MOBIL CORP,2021-01-29,0.087821,44.84,5948429.0,4228234.0,1.0,Energy,189594.01256,2021,1,2021-01
11850,XOM,EXXON MOBIL CORP,2021-02-26,0.231936,54.37,5440016.0,4233483.0,1.0,Energy,230174.47070999997,2021,2,2021-02
11850,XOM,EXXON MOBIL CORP,2021-03-31,0.026853,55.83,7908050.0,4233483.0,1.0,Energy,236355.35588999998,2021,3,2021-03
11850,XOM,EXXON MOBIL CORP,2021-04-30,0.025255,57.24,4578548.0,4228234.0,1.0,Energy,242024.11416,2021,4,2021-04
11850,XOM,EXXON MOBIL CORP,2021-05-28,0.034941,58.37,5213052.0,4233539.0,1.0,Energy,247111.67143,2021,5,2021-05
11850,XOM,EXXON MOBIL CORP,2021-06-30,0.080692,63.08,5264568.0,4233539.0,1.0,Energy,267051.64012,2021,6,2021-06
11850,XOM,EXXON MOBIL CORP,2021-07-30,-0.087349,57.57,4359157.0,4233539.0,1.0,Energy,243724.84023,2021,7,2021-07
11850,XOM,EXXON MOBIL CORP,2021-08-31,-0.037867,54.52,4063753.0,4233563.0,1.0,Energy,230813.85476000002,2021,8,2021-08
11850,XOM,EXXON MOBIL CORP,2021-09-30,0.07887,58.82,4828702.0,4233563.0,1.0,Energy,249018.17566,2021,9,2021-09
11850,XOM,EXXON MOBIL CORP,2021-10-29,0.096056,64.47,4352145.0,4233563.0,1.0,Energy,272937.80661,2021,10,2021-10
11850,XOM,EXXON MOBIL CORP,2021-11-30,-0.058167,59.84,4160659.0,4233567.0,1.0,Energy,253336.64928,2021,11,2021-11
11850,XOM,EXXON MOBIL CORP,2021-12-31,0.02256,61.19,4332773.0,4233567.0,1.0,Energy,259051.96472999998,2021,12,2021-12
11850,XOM,EXXON MOBIL CORP,2022-01-31,0.241379,75.96,6075112.0,4233567.0,1.0,Energy,321581.74932,2022,1,2022-01
11850,XOM,EXXON MOBIL CORP,2022-02-28,0.043971,78.42,6286578.0,4233592.0,1.0,Energy,331998.28463999997,2022,2,2022-02
11850,XOM,EXXON MOBIL CORP,2022-03-31,0.053175,82.59,8535522.0,4233592.0,1.0,Energy,349652.36328000005,2022,3,2022-03
11850,XOM,EXXON MOBIL CORP,2022-04-29,0.032207,85.25,5056382.0,4225674.0,1.0,Energy,360238.7085,2022,4,2022-04
11850,XOM,EXXON MOBIL CORP,2022-05-31,0.136422,96.0,6598376.0,4212543.0,1.0,Energy,404404.128,2022,5,2022-05
11850,XOM,EXXON MOBIL CORP,2022-06-30,-0.107917,85.64,6603215.0,4212543.0,1.0,Energy,360762.18252,2022,6,2022-06
11850,XOM,EXXON MOBIL CORP,2022-07-29,0.131831,96.93,4279205.0,4213205.0,1.0,Energy,408385.96065,2022,7,2022-07
11850,XOM,EXXON MOBIL CORP,2022-08-31,-0.004746,95.59,4245640.0,4167636.0,1.0,Energy,398384.32524000003,2022,8,2022-08
11850,XOM,EXXON MOBIL CORP,2022-09-30,-0.08662,87.31,4114101.0,4167636.0,1.0,Energy,363876.29916000005,2022,9,2022-09
11850,XOM,EXXON MOBIL CORP,2022-10-31,0.269156,110.81,4316332.0,4167636.0,1.0,Energy,461815.74516000005,2022,10,2022-10
11850,XOM,EXXON MOBIL CORP,2022-11-30,0.012995,111.34,3680549.0,4118293.0,1.0,Energy,458530.74262000003,2022,11,2022-11
11850,XOM,EXXON MOBIL CORP,2022-12-30,-0.009341,110.3,3765097.0,4118293.0,1.0,Energy,454247.7179,2022,12,2022-12
11850,XOM,EXXON MOBIL CORP,2023-01-31,0.051768,116.01,3298480.0,4118293.0,1.0,Energy,477763.17093,2023,1,2023-01
11850,XOM,EXXON MOBIL CORP,2023-02-28,-0.044738,109.91,3112485.0,4118293.0,1.0,Energy,452641.58363,2023,2,2023-02
11850,XOM,EXXON MOBIL CORP,2023-03-31,-0.002275,109.66,4125552.0,4070985.0,1.0,Energy,446424.2151,2023,3,2023-03
11850,XOM,EXXON MOBIL CORP,2023-04-28,0.079154,118.34,2932966.0,4070985.0,1.0,Energy,481760.36490000004,2023,4,2023-04
11850,XOM,EXXON MOBIL CORP,2023-05-31,-0.128866,102.18,3323727.0,4042985.0,1.0,Energy,413112.2073,2023,5,2023-05
11850,XOM,EXXON MOBIL CORP,2023-06-30,0.049618,107.25,3242507.0,4042985.0,1.0,Energy,433610.14125,2023,6,2023-06
11850,XOM,EXXON MOBIL CORP,2023-07-31,-9.3e-05,107.24,3503962.0,4042985.0,1.0,Energy,433569.7114,2023,7,2023-07
11850,XOM,EXXON MOBIL CORP,2023-08-31,0.045319,111.19,3159529.0,4003193.0,1.0,Energy,445115.02967,2023,8,2023-08
11850,XOM,EXXON MOBIL CORP,2023-09-29,0.057469,117.58,3206166.0,4003193.0,1.0,Energy,470695.43293999997,2023,9,2023-09
11850,XOM,EXXON MOBIL CORP,2023-10-31,-0.099762,105.85,4939539.0,3962918.0,1.0,Energy,419474.87029999995,2023,10,2023-10
11850,XOM,EXXON MOBIL CORP,2023-11-30,-0.020406,102.74,4333930.0,4006133.0,1.0,Energy,411590.10441999993,2023,11,2023-11
11850,XOM,EXXON MOBIL CORP,2023-12-29,-0.026864,99.98,4539366.0,4006133.0,1.0,Energy,400533.17734000005,2023,12,2023-12
11850,XOM,EXXON MOBIL CORP,2024-01-31,0.028306,102.81,4131932.0,3996774.0,1.0,Energy,410908.33494,2024,1,2024-01
11850,XOM,EXXON MOBIL CORP,2024-02-29,0.025873,104.52,3609151.0,3967844.0,1.0,Energy,414719.05488,2024,2,2024-02
11850,XOM,EXXON MOBIL CORP,2024-03-28,0.112132,116.24,3539533.0,3967844.0,1.0,Energy,461222.18656,2024,3,2024-03
11850,XOM,EXXON MOBIL CORP,2024-04-30,0.017464,118.27,3857731.0,3943007.0,1.0,Energy,466339.43789,2024,4,2024-04
11850,XOM,EXXON MOBIL CORP,2024-05-31,-0.000507,117.26,4159809.0,4485928.0,1.0,Energy,526019.91728,2024,5,2024-05
11850,XOM,EXXON MOBIL CORP,2024-06-28,-0.01825,115.12,3475985.0,4485928.0,1.0,Energy,516420.03136,2024,6,2024-06
11850,XOM,EXXON MOBIL CORP,2024-07-31,0.030142,118.59,2779580.0,4485928.0,1.0,Energy,531986.20152,2024,7,2024-07
11850,XOM,EXXON MOBIL CORP,2024-08-30,0.00253,117.94,2846732.0,4442827.0,1.0,Energy,523987.01638,2024,8,2024-08
11850,XOM,EXXON MOBIL CORP,2024-09-30,-0.006105,117.22,3204417.0,4442827.0,1.0,Energy,520788.18094,2024,9,2024-09
11850,XOM,EXXON MOBIL CORP,2024-10-31,-0.003754,116.78,3026857.0,4442827.0,1.0,Energy,518833.33706,2024,10,2024-10
11850,XOM,EXXON MOBIL CORP,2024-11-29,0.018582,117.96,2904346.0,4395095.0,1.0,Energy,518445.40619999997,2024,11,2024-11
11850,XOM,EXXON MOBIL CORP,2024-12-31,-0.088081,107.57,3551211.0,4395095.0,1.0,Energy,472780.36915,2024,12,2024-12
